2015Q3,Percent of Workers in TANF (%),,,"Allegany County, Maryland",0.351778651,0.00352,,,,,
2015Q4,Percent of Workers in TANF (%),,,"Allegany County, Maryland",0.312511373,0.00313,,,,,
2016Q1,Percent of Workers in TANF (%),,,"Allegany County, Maryland",0.276741668,0.00277,,,,,
2016Q2,Percent of Workers in TANF (%),,,"Allegany County, Maryland",0.232600603,0.00233,,,,,
2016Q3,Percent of Workers in TANF (%),,,"Allegany County, Maryland",0.236016588,0.00236,,,,,
2016Q4,Percent of Workers in TANF (%),,,"Allegany County, Maryland",0.267978441,0.00268,,,,,
2017Q1,Percent of Workers in TANF (%),,,"Allegany County, Maryland",0.138054318,0.00138,,,,,
2017Q2,Percent of Workers in TANF (%),,,"Allegany County, Maryland",0.168648866,0.00169,,,,,
2017Q3,Percent of Workers in TANF (%),,,"Allegany County, Maryland",0.177476965,0.00177,,,,,
2017Q4,Percent of Workers in TANF (%),,,"Allegany County, Maryland",0.169052744,0.00169,,,,,
2018Q1,Percent of Workers in TANF (%),,,"Allegany County, Maryland",0.175709662,0.00176,,,,,
2018Q2,Percent of Workers in TANF (%),,,"Allegany County, Maryland",0.196937769,0.00197,,,,,
2018Q3,Percent of Workers in TANF (%),,,"Allegany County, Maryland",0.217230498,0.00217,,,,,
2018Q4,Percent of Workers in TANF (%),,,"Allegany County, Maryland",0.178810091,0.00179,,,,,
2019Q1,Percent of Workers in TANF (%),,,"Allegany County, Maryland",0.162427753,0.00162,,,,,
2019Q2,Percent of Workers in TANF (%),,,"Allegany County, Maryland",0.236252894,0.00236,,,,,
2019Q3,Percent of Workers in TANF (%),,,"Allegany County, Maryland",0.196820056,0.00197,,,,,
2019Q4,Percent of Workers in TANF (%),,,"Allegany County, Maryland",0.161098539,0.00161,,,,,
2020Q1,Percent of Workers in TANF (%),,,"Allegany County, Maryland",0.167813719,0.00168,,,,,
2020Q2,Percent of Workers in TANF (%),,,"Allegany County, Maryland",0.220937331,0.00221,,,,,
2020Q3,Percent of Workers in TANF (%),,,"Allegany County, Maryland",0.233418961,0.00233,,,,,
2020Q4,Percent of Workers in TANF (%),,,"Allegany County, Maryland",0.326564709,0.00327,,,,,
2021Q1,Percent of Workers in TANF (%),,,"Allegany County, Maryland",0.260145896,0.00260,,,,,
2021Q2,Percent of Workers in TANF (%),,,"Allegany County, Maryland",0.349408368,0.00349,,,,,
2021Q3,Percent of Workers in TANF (%),,,"Allegany County, Maryland",0.4056792,0.00406,,,,,
2021Q4,Percent of Workers in TANF (%),,,"Allegany County, Maryland",0.543987866,0.00544,,,,,
2022Q1,Percent of Workers in TANF (%),,,"Allegany County, Maryland",0.519582208,0.00520,,,,,
2022Q2,Percent of Workers in TANF (%),,,"Allegany County, Maryland",0.527193506,0.00527,,,,,
2022Q3,Percent of Workers in TANF (%),,,"Allegany County, Maryland",0.659483821,0.00659,,,,,
2022Q4,Percent of Workers in TANF (%),,,"Allegany County, Maryland",0.628332952,0.00628,,,,,
2015Q3,Percent of Workers in TANF (%),,,"Anne Arundel County, Maryland",1.239042584,0.01239,,,,,
2015Q4,Percent of Workers in TANF (%),,,"Anne Arundel County, Maryland",1.43201414,0.01432,,,,,
2016Q1,Percent of Workers in TANF (%),,,"Anne Arundel County, Maryland",1.038783941,0.01039,,,,,
2016Q2,Percent of Workers in TANF (%),,,"Anne Arundel County, Maryland",1.031196005,0.01031,,,,,
2016Q3,Percent of Workers in TANF (%),,,"Anne Arundel County, Maryland",1.081108243,0.01081,,,,,
2016Q4,Percent of Workers in TANF (%),,,"Anne Arundel County, Maryland",1.083564999,0.01084,,,,,
2017Q1,Percent of Workers in TANF (%),,,"Anne Arundel County, Maryland",0.915102906,0.00915,,,,,
2017Q2,Percent of Workers in TANF (%),,,"Anne Arundel County, Maryland",1.008060266,0.01008,,,,,
2017Q3,Percent of Workers in TANF (%),,,"Anne Arundel County, Maryland",0.985563571,0.00986,,,,,
2017Q4,Percent of Workers in TANF (%),,,"Anne Arundel County, Maryland",1.187211314,0.01187,,,,,
2018Q1,Percent of Workers in TANF (%),,,"Anne Arundel County, Maryland",0.97226013,0.00972,,,,,
2018Q2,Percent of Workers in TANF (%),,,"Anne Arundel County, Maryland",0.840772784,0.00841,,,,,
2018Q3,Percent of Workers in TANF (%),,,"Anne Arundel County, Maryland",0.838959166,0.00839,,,,,
2018Q4,Percent of Workers in TANF (%),,,"Anne Arundel County, Maryland",0.947313036,0.00947,,,,,
2019Q1,Percent of Workers in TANF (%),,,"Anne Arundel County, Maryland",0.819873422,0.00820,,,,,
2019Q2,Percent of Workers in TANF (%),,,"Anne Arundel County, Maryland",0.825010106,0.00825,,,,,
2019Q3,Percent of Workers in TANF (%),,,"Anne Arundel County, Maryland",0.846697601,0.00847,,,,,
2019Q4,Percent of Workers in TANF (%),,,"Anne Arundel County, Maryland",0.912891719,0.00913,,,,,
2020Q1,Percent of Workers in TANF (%),,,"Anne Arundel County, Maryland",0.987369091,0.00987,,,,,
2020Q2,Percent of Workers in TANF (%),,,"Anne Arundel County, Maryland",1.448366946,0.01448,,,,,
2020Q3,Percent of Workers in TANF (%),,,"Anne Arundel County, Maryland",1.478320088,0.01478,,,,,
2020Q4,Percent of Workers in TANF (%),,,"Anne Arundel County, Maryland",1.37882877,0.01379,,,,,
2021Q1,Percent of Workers in TANF (%),,,"Anne Arundel County, Maryland",1.43699638,0.01437,,,,,
2021Q2,Percent of Workers in TANF (%),,,"Anne Arundel County, Maryland",1.659689749,0.01660,,,,,
2021Q3,Percent of Workers in TANF (%),,,"Anne Arundel County, Maryland",1.54544457,0.01545,,,,,
2021Q4,Percent of Workers in TANF (%),,,"Anne Arundel County, Maryland",1.857617825,0.01858,,,,,
2022Q1,Percent of Workers in TANF (%),,,"Anne Arundel County, Maryland",1.901106992,0.01901,,,,,
2022Q2,Percent of Workers in TANF (%),,,"Anne Arundel County, Maryland",1.754565887,0.01755,,,,,
2022Q3,Percent of Workers in TANF (%),,,"Anne Arundel County, Maryland",1.804903089,0.01805,,,,,
2022Q4,Percent of Workers in TANF (%),,,"Anne Arundel County, Maryland",1.722848416,0.01723,,,,,
2015Q3,Percent of Workers in TANF (%),,,"Baltimore City, Maryland",2.947123369,0.02947,,,,,
2015Q4,Percent of Workers in TANF (%),,,"Baltimore City, Maryland",3.10929037,0.03109,,,,,
2016Q1,Percent of Workers in TANF (%),,,"Baltimore City, Maryland",2.161793607,0.02162,,,,,
2016Q2,Percent of Workers in TANF (%),,,"Baltimore City, Maryland",2.31049932,0.02310,,,,,
2016Q3,Percent of Workers in TANF (%),,,"Baltimore City, Maryland",2.584762312,0.02585,,,,,
2016Q4,Percent of Workers in TANF (%),,,"Baltimore City, Maryland",2.652598187,0.02653,,,,,
2017Q1,Percent of Workers in TANF (%),,,"Baltimore City, Maryland",2.027426265,0.02027,,,,,
2017Q2,Percent of Workers in TANF (%),,,"Baltimore City, Maryland",2.219265756,0.02219,,,,,
2017Q3,Percent of Workers in TANF (%),,,"Baltimore City, Maryland",2.107066944,0.02107,,,,,
2017Q4,Percent of Workers in TANF (%),,,"Baltimore City, Maryland",2.581896449,0.02582,,,,,
2018Q1,Percent of Workers in TANF (%),,,"Baltimore City, Maryland",2.057755375,0.02058,,,,,
2018Q2,Percent of Workers in TANF (%),,,"Baltimore City, Maryland",2.00725034,0.02007,,,,,
2018Q3,Percent of Workers in TANF (%),,,"Baltimore City, Maryland",2.022490847,0.02022,,,,,
2018Q4,Percent of Workers in TANF (%),,,"Baltimore City, Maryland",2.214201554,0.02214,,,,,
2019Q1,Percent of Workers in TANF (%),,,"Baltimore City, Maryland",1.674552792,0.01675,,,,,
2019Q2,Percent of Workers in TANF (%),,,"Baltimore City, Maryland",1.773771729,0.01774,,,,,
2019Q3,Percent of Workers in TANF (%),,,"Baltimore City, Maryland",2.005336423,0.02005,,,,,
2019Q4,Percent of Workers in TANF (%),,,"Baltimore City, Maryland",2.197844348,0.02198,,,,,
2020Q1,Percent of Workers in TANF (%),,,"Baltimore City, Maryland",1.920101157,0.01920,,,,,
2020Q2,Percent of Workers in TANF (%),,,"Baltimore City, Maryland",3.330425689,0.03330,,,,,
2020Q3,Percent of Workers in TANF (%),,,"Baltimore City, Maryland",3.063111983,0.03063,,,,,
2020Q4,Percent of Workers in TANF (%),,,"Baltimore City, Maryland",3.297900391,0.03298,,,,,
2021Q1,Percent of Workers in TANF (%),,,"Baltimore City, Maryland",2.865734161,0.02866,,,,,
2021Q2,Percent of Workers in TANF (%),,,"Baltimore City, Maryland",5.090244637,0.05090,,,,,
2021Q3,Percent of Workers in TANF (%),,,"Baltimore City, Maryland",5.536555173,0.05537,,,,,
2021Q4,Percent of Workers in TANF (%),,,"Baltimore City, Maryland",4.222957658,0.04223,,,,,
2022Q1,Percent of Workers in TANF (%),,,"Baltimore City, Maryland",3.117493245,0.03117,,,,,
2022Q2,Percent of Workers in TANF (%),,,"Baltimore City, Maryland",2.981938268,0.02982,,,,,
2022Q3,Percent of Workers in TANF (%),,,"Baltimore City, Maryland",3.582809764,0.03583,,,,,
2022Q4,Percent of Workers in TANF (%),,,"Baltimore City, Maryland",3.324084002,0.03324,,,,,
2015Q3,Percent of Workers in TANF (%),,,"Baltimore County, Maryland",9.646552354,0.09647,,,,,
2015Q4,Percent of Workers in TANF (%),,,"Baltimore County, Maryland",10.83504621,0.10835,,,,,
2016Q1,Percent of Workers in TANF (%),,,"Baltimore County, Maryland",7.776841936,0.07777,,,,,
2016Q2,Percent of Workers in TANF (%),,,"Baltimore County, Maryland",8.528688764,0.08529,,,,,
2016Q3,Percent of Workers in TANF (%),,,"Baltimore County, Maryland",9.231293972,0.09231,,,,,
2016Q4,Percent of Workers in TANF (%),,,"Baltimore County, Maryland",9.98510972,0.09985,,,,,
2017Q1,Percent of Workers in TANF (%),,,"Baltimore County, Maryland",7.17488011,0.07175,,,,,
2017Q2,Percent of Workers in TANF (%),,,"Baltimore County, Maryland",7.389886664,0.07390,,,,,
2017Q3,Percent of Workers in TANF (%),,,"Baltimore County, Maryland",6.528886642,0.06529,,,,,
2017Q4,Percent of Workers in TANF (%),,,"Baltimore County, Maryland",8.060742188,0.08061,,,,,
2018Q1,Percent of Workers in TANF (%),,,"Baltimore County, Maryland",6.087363625,0.06087,,,,,
2018Q2,Percent of Workers in TANF (%),,,"Baltimore County, Maryland",6.040687343,0.06041,,,,,
2018Q3,Percent of Workers in TANF (%),,,"Baltimore County, Maryland",6.498188185,0.06498,,,,,
2018Q4,Percent of Workers in TANF (%),,,"Baltimore County, Maryland",6.593146552,0.06593,,,,,
2019Q1,Percent of Workers in TANF (%),,,"Baltimore County, Maryland",4.404885982,0.04405,,,,,
2019Q2,Percent of Workers in TANF (%),,,"Baltimore County, Maryland",5.05881197,0.05059,,,,,
2019Q3,Percent of Workers in TANF (%),,,"Baltimore County, Maryland",5.392126826,0.05392,,,,,
2019Q4,Percent of Workers in TANF (%),,,"Baltimore County, Maryland",6.033523839,0.06034,,,,,
2020Q1,Percent of Workers in TANF (%),,,"Baltimore County, Maryland",4.597315371,0.04597,,,,,
2020Q2,Percent of Workers in TANF (%),,,"Baltimore County, Maryland",11.95107302,0.11951,,,,,
2020Q3,Percent of Workers in TANF (%),,,"Baltimore County, Maryland",12.47358168,0.12474,,,,,
2020Q4,Percent of Workers in TANF (%),,,"Baltimore County, Maryland",11.56280968,0.11563,,,,,
2021Q1,Percent of Workers in TANF (%),,,"Baltimore County, Maryland",7.531843097,0.07532,,,,,
2021Q2,Percent of Workers in TANF (%),,,"Baltimore County, Maryland",13.31325294,0.13313,,,,,
2021Q3,Percent of Workers in TANF (%),,,"Baltimore County, Maryland",14.17559032,0.14176,,,,,
2021Q4,Percent of Workers in TANF (%),,,"Baltimore County, Maryland",14.07518235,0.14075,,,,,
2022Q1,Percent of Workers in TANF (%),,,"Baltimore County, Maryland",8.526787081,0.08527,,,,,
2022Q2,Percent of Workers in TANF (%),,,"Baltimore County, Maryland",7.977920477,0.07978,,,,,
2022Q3,Percent of Workers in TANF (%),,,"Baltimore County, Maryland",7.875239545,0.07875,,,,,
2022Q4,Percent of Workers in TANF (%),,,"Baltimore County, Maryland",7.345414892,0.07345,,,,,
2015Q3,Percent of Workers in TANF (%),,,"Calvert County, Maryland",0.121168202,0.00121,,,,,
2015Q4,Percent of Workers in TANF (%),,,"Calvert County, Maryland",0.106807684,0.00107,,,,,
2016Q1,Percent of Workers in TANF (%),,,"Calvert County, Maryland",0.084225725,0.00084,,,,,
2016Q2,Percent of Workers in TANF (%),,,"Calvert County, Maryland",0.104670271,0.00105,,,,,
2016Q3,Percent of Workers in TANF (%),,,"Calvert County, Maryland",0.068520945,0.00069,,,,,
2016Q4,Percent of Workers in TANF (%),,,"Calvert County, Maryland",0.07767491,0.00078,,,,,
2017Q1,Percent of Workers in TANF (%),,,"Calvert County, Maryland",0.074943772,0.00075,,,,,
2017Q2,Percent of Workers in TANF (%),,,"Calvert County, Maryland",0.09199029,0.00092,,,,,
2017Q3,Percent of Workers in TANF (%),,,"Calvert County, Maryland",0.101954852,0.00102,,,,,
2017Q4,Percent of Workers in TANF (%),,,"Calvert County, Maryland",0.096052695,0.00096,,,,,
2018Q1,Percent of Workers in TANF (%),,,"Calvert County, Maryland",0.062474547,0.00062,,,,,
2018Q2,Percent of Workers in TANF (%),,,"Calvert County, Maryland",0.053021707,0.00053,,,,,
2018Q3,Percent of Workers in TANF (%),,,"Calvert County, Maryland",0.044944241,0.00045,,,,,
2018Q4,Percent of Workers in TANF (%),,,"Calvert County, Maryland",0.07228493,0.00072,,,,,
2019Q1,Percent of Workers in TANF (%),,,"Calvert County, Maryland",0.058009912,0.00058,,,,,
2019Q2,Percent of Workers in TANF (%),,,"Calvert County, Maryland",0.041250505,0.00041,,,,,
2019Q3,Percent of Workers in TANF (%),,,"Calvert County, Maryland",0.048276618,0.00048,,,,,
2019Q4,Percent of Workers in TANF (%),,,"Calvert County, Maryland",0.057535192,0.00058,,,,,
2020Q1,Percent of Workers in TANF (%),,,"Calvert County, Maryland",0.089760826,0.00090,,,,,
2020Q2,Percent of Workers in TANF (%),,,"Calvert County, Maryland",0.163657282,0.00164,,,,,
2020Q3,Percent of Workers in TANF (%),,,"Calvert County, Maryland",0.147422502,0.00147,,,,,
2020Q4,Percent of Workers in TANF (%),,,"Calvert County, Maryland",0.149171534,0.00149,,,,,
2021Q1,Percent of Workers in TANF (%),,,"Calvert County, Maryland",0.099103199,0.00099,,,,,
2021Q2,Percent of Workers in TANF (%),,,"Calvert County, Maryland",0.095293191,0.00095,,,,,
2021Q3,Percent of Workers in TANF (%),,,"Calvert County, Maryland",0.08113584,0.00081,,,,,
2021Q4,Percent of Workers in TANF (%),,,"Calvert County, Maryland",0.048354477,0.00048,,,,,
2022Q1,Percent of Workers in TANF (%),,,"Calvert County, Maryland",0.064444305,0.00064,,,,,
2022Q2,Percent of Workers in TANF (%),,,"Calvert County, Maryland",0.082373985,0.00082,,,,,
2022Q3,Percent of Workers in TANF (%),,,"Calvert County, Maryland",0.092559133,0.00093,,,,,
2022Q4,Percent of Workers in TANF (%),,,"Calvert County, Maryland",0.085128981,0.00085,,,,,
2015Q3,Percent of Workers in TANF (%),,,"Caroline County, Maryland",0.082081685,0.00082,,,,,
2015Q4,Percent of Workers in TANF (%),,,"Caroline County, Maryland",0.067249283,0.00067,,,,,
2016Q1,Percent of Workers in TANF (%),,,"Caroline County, Maryland",0.048128986,0.00048,,,,,
2016Q2,Percent of Workers in TANF (%),,,"Caroline County, Maryland",0.077533534,0.00078,,,,,
2016Q3,Percent of Workers in TANF (%),,,"Caroline County, Maryland",0.068520945,0.00069,,,,,
2016Q4,Percent of Workers in TANF (%),,,"Caroline County, Maryland",0.038837455,0.00039,,,,,
2017Q1,Percent of Workers in TANF (%),,,"Caroline County, Maryland",0.031555273,0.00032,,,,,
2017Q2,Percent of Workers in TANF (%),,,"Caroline County, Maryland",0.042162216,0.00042,,,,,
2017Q3,Percent of Workers in TANF (%),,,"Caroline County, Maryland",0.052865479,0.00053,,,,,
2017Q4,Percent of Workers in TANF (%),,,"Caroline County, Maryland",0.061473725,0.00061,,,,,
2018Q1,Percent of Workers in TANF (%),,,"Caroline County, Maryland",0.070283865,0.00070,,,,,
2018Q2,Percent of Workers in TANF (%),,,"Caroline County, Maryland",0.098468885,0.00098,,,,,
2018Q3,Percent of Workers in TANF (%),,,"Caroline County, Maryland",0.101124542,0.00101,,,,,
2018Q4,Percent of Workers in TANF (%),,,"Caroline County, Maryland",0.06848046,0.00068,,,,,
2019Q1,Percent of Workers in TANF (%),,,"Caroline County, Maryland",0.073479222,0.00073,,,,,
2019Q2,Percent of Workers in TANF (%),,,"Caroline County, Maryland",0.052500643,0.00053,,,,,
2019Q3,Percent of Workers in TANF (%),,,"Caroline County, Maryland",0.05570379,0.00056,,,,,
2019Q4,Percent of Workers in TANF (%),,,"Caroline County, Maryland",0.042192474,0.00042,,,,,
2020Q1,Percent of Workers in TANF (%),,,"Caroline County, Maryland",0.078052893,0.00078,,,,,
2020Q2,Percent of Workers in TANF (%),,,"Caroline County, Maryland",0.102285801,0.00102,,,,,
2020Q3,Percent of Workers in TANF (%),,,"Caroline County, Maryland",0.057330973,0.00057,,,,,
2020Q4,Percent of Workers in TANF (%),,,"Caroline County, Maryland",0.040316631,0.00040,,,,,
2021Q1,Percent of Workers in TANF (%),,,"Caroline County, Maryland",0.037163699,0.00037,,,,,
2021Q2,Percent of Workers in TANF (%),,,"Caroline County, Maryland",0.198527482,0.00199,,,,,
2021Q3,Percent of Workers in TANF (%),,,"Caroline County, Maryland",0.16227168,0.00162,,,,,
2021Q4,Percent of Workers in TANF (%),,,"Caroline County, Maryland",0.096708954,0.00097,,,,,
2022Q1,Percent of Workers in TANF (%),,,"Caroline County, Maryland",0.120833072,0.00121,,,,,
2022Q2,Percent of Workers in TANF (%),,,"Caroline County, Maryland",0.140035775,0.00140,,,,,
2022Q3,Percent of Workers in TANF (%),,,"Caroline County, Maryland",0.14655196,0.00147,,,,,
2022Q4,Percent of Workers in TANF (%),,,"Caroline County, Maryland",0.162150439,0.00162,,,,,
2015Q3,Percent of Workers in TANF (%),,,"Carroll County, Maryland",0.148528764,0.00149,,,,,
2015Q4,Percent of Workers in TANF (%),,,"Carroll County, Maryland",0.138454406,0.00138,,,,,
2016Q1,Percent of Workers in TANF (%),,,"Carroll County, Maryland",0.124333213,0.00124,,,,,
2016Q2,Percent of Workers in TANF (%),,,"Carroll County, Maryland",0.124053655,0.00124,,,,,
2016Q3,Percent of Workers in TANF (%),,,"Carroll County, Maryland",0.129428452,0.00129,,,,,
2016Q4,Percent of Workers in TANF (%),,,"Carroll County, Maryland",0.11262862,0.00113,,,,,
2017Q1,Percent of Workers in TANF (%),,,"Carroll County, Maryland",0.063110545,0.00063,,,,,
2017Q2,Percent of Workers in TANF (%),,,"Carroll County, Maryland",0.057493932,0.00057,,,,,
2017Q3,Percent of Workers in TANF (%),,,"Carroll County, Maryland",0.079298218,0.00079,,,,,
2017Q4,Percent of Workers in TANF (%),,,"Carroll County, Maryland",0.076842156,0.00077,,,,,
2018Q1,Percent of Workers in TANF (%),,,"Carroll County, Maryland",0.101521138,0.00102,,,,,
2018Q2,Percent of Workers in TANF (%),,,"Carroll County, Maryland",0.113617944,0.00114,,,,,
2018Q3,Percent of Workers in TANF (%),,,"Carroll County, Maryland",0.097379189,0.00097,,,,,
2018Q4,Percent of Workers in TANF (%),,,"Carroll County, Maryland",0.0760894,0.00076,,,,,
2019Q1,Percent of Workers in TANF (%),,,"Carroll County, Maryland",0.04640793,0.00046,,,,,
2019Q2,Percent of Workers in TANF (%),,,"Carroll County, Maryland",0.045000551,0.00045,,,,,
2019Q3,Percent of Workers in TANF (%),,,"Carroll County, Maryland",0.05570379,0.00056,,,,,
2019Q4,Percent of Workers in TANF (%),,,"Carroll County, Maryland",0.084384949,0.00084,,,,,
2020Q1,Percent of Workers in TANF (%),,,"Carroll County, Maryland",0.078052893,0.00078,,,,,
2020Q2,Percent of Workers in TANF (%),,,"Carroll County, Maryland",0.167748714,0.00168,,,,,
2020Q3,Percent of Workers in TANF (%),,,"Carroll County, Maryland",0.090091529,0.00090,,,,,
2020Q4,Percent of Workers in TANF (%),,,"Carroll County, Maryland",0.036284968,0.00036,,,,,
2021Q1,Percent of Workers in TANF (%),,,"Carroll County, Maryland",0.057810199,0.00058,,,,,
2021Q2,Percent of Workers in TANF (%),,,"Carroll County, Maryland",0.083381542,0.00083,,,,,
2021Q3,Percent of Workers in TANF (%),,,"Carroll County, Maryland",0.08113584,0.00081,,,,,
2021Q4,Percent of Workers in TANF (%),,,"Carroll County, Maryland",0.096708954,0.00097,,,,,
2022Q1,Percent of Workers in TANF (%),,,"Carroll County, Maryland",0.124860841,0.00125,,,,,
2022Q2,Percent of Workers in TANF (%),,,"Carroll County, Maryland",0.119442279,0.00119,,,,,
2022Q3,Percent of Workers in TANF (%),,,"Carroll County, Maryland",0.177405004,0.00177,,,,,
2022Q4,Percent of Workers in TANF (%),,,"Carroll County, Maryland",0.129720351,0.00130,,,,,
2015Q3,Percent of Workers in TANF (%),,,"Cecil County, Maryland",0.316600786,0.00317,,,,,
2015Q4,Percent of Workers in TANF (%),,,"Cecil County, Maryland",0.296688012,0.00297,,,,,
2016Q1,Percent of Workers in TANF (%),,,"Cecil County, Maryland",0.276741668,0.00277,,,,,
2016Q2,Percent of Workers in TANF (%),,,"Cecil County, Maryland",0.290750753,0.00291,,,,,
2016Q3,Percent of Workers in TANF (%),,,"Cecil County, Maryland",0.266470341,0.00266,,,,,
2016Q4,Percent of Workers in TANF (%),,,"Cecil County, Maryland",0.236908476,0.00237,,,,,
2017Q1,Percent of Workers in TANF (%),,,"Cecil County, Maryland",0.201164863,0.00201,,,,,
2017Q2,Percent of Workers in TANF (%),,,"Cecil County, Maryland",0.260639156,0.00261,,,,,
2017Q3,Percent of Workers in TANF (%),,,"Cecil County, Maryland",0.226566338,0.00227,,,,,
2017Q4,Percent of Workers in TANF (%),,,"Cecil County, Maryland",0.215158037,0.00215,,,,,
2018Q1,Percent of Workers in TANF (%),,,"Cecil County, Maryland",0.163995685,0.00164,,,,,
2018Q2,Percent of Workers in TANF (%),,,"Cecil County, Maryland",0.185575975,0.00186,,,,,
2018Q3,Percent of Workers in TANF (%),,,"Cecil County, Maryland",0.187267671,0.00187,,,,,
2018Q4,Percent of Workers in TANF (%),,,"Cecil County, Maryland",0.220659261,0.00221,,,,,
2019Q1,Percent of Workers in TANF (%),,,"Cecil County, Maryland",0.177897063,0.00178,,,,,
2019Q2,Percent of Workers in TANF (%),,,"Cecil County, Maryland",0.236252894,0.00236,,,,,
2019Q3,Percent of Workers in TANF (%),,,"Cecil County, Maryland",0.170824955,0.00171,,,,,
2019Q4,Percent of Workers in TANF (%),,,"Cecil County, Maryland",0.161098539,0.00161,,,,,
2020Q1,Percent of Workers in TANF (%),,,"Cecil County, Maryland",0.195132231,0.00195,,,,,
2020Q2,Percent of Workers in TANF (%),,,"Cecil County, Maryland",0.310948836,0.00311,,,,,
2020Q3,Percent of Workers in TANF (%),,,"Cecil County, Maryland",0.307130212,0.00307,,,,,
2020Q4,Percent of Workers in TANF (%),,,"Cecil County, Maryland",0.290279741,0.00290,,,,,
2021Q1,Percent of Workers in TANF (%),,,"Cecil County, Maryland",0.227111497,0.00227,,,,,
2021Q2,Percent of Workers in TANF (%),,,"Cecil County, Maryland",0.452642659,0.00453,,,,,
2021Q3,Percent of Workers in TANF (%),,,"Cecil County, Maryland",0.455906148,0.00456,,,,,
2021Q4,Percent of Workers in TANF (%),,,"Cecil County, Maryland",0.306245021,0.00306,,,,,
2022Q1,Percent of Workers in TANF (%),,,"Cecil County, Maryland",0.269860526,0.00270,,,,,
2022Q2,Percent of Workers in TANF (%),,,"Cecil County, Maryland",0.341852039,0.00342,,,,,
2022Q3,Percent of Workers in TANF (%),,,"Cecil County, Maryland",0.397232945,0.00397,,,,,
2022Q4,Percent of Workers in TANF (%),,,"Cecil County, Maryland",0.385107293,0.00385,,,,,
2015Q3,Percent of Workers in TANF (%),,,"Charles County, Maryland",0.316600786,0.00317,,,,,
2015Q4,Percent of Workers in TANF (%),,,"Charles County, Maryland",0.328334734,0.00328,,,,,
2016Q1,Percent of Workers in TANF (%),,,"Charles County, Maryland",0.284763165,0.00285,,,,,
2016Q2,Percent of Workers in TANF (%),,,"Charles County, Maryland",0.290750753,0.00291,,,,,
2016Q3,Percent of Workers in TANF (%),,,"Charles County, Maryland",0.289310656,0.00289,,,,,
2016Q4,Percent of Workers in TANF (%),,,"Charles County, Maryland",0.30293215,0.00303,,,,,
2017Q1,Percent of Workers in TANF (%),,,"Charles County, Maryland",0.21299809,0.00213,,,,,
2017Q2,Percent of Workers in TANF (%),,,"Charles County, Maryland",0.226142797,0.00226,,,,,
2017Q3,Percent of Workers in TANF (%),,,"Charles County, Maryland",0.252999077,0.00253,,,,,
2017Q4,Percent of Workers in TANF (%),,,"Charles County, Maryland",0.238210684,0.00238,,,,,
2018Q1,Percent of Workers in TANF (%),,,"Charles County, Maryland",0.175709662,0.00176,,,,,
2018Q2,Percent of Workers in TANF (%),,,"Charles County, Maryland",0.18178871,0.00182,,,,,
2018Q3,Percent of Workers in TANF (%),,,"Charles County, Maryland",0.217230498,0.00217,,,,,
2018Q4,Percent of Workers in TANF (%),,,"Charles County, Maryland",0.228268201,0.00228,,,,,
2019Q1,Percent of Workers in TANF (%),,,"Charles County, Maryland",0.135356461,0.00135,,,,,
2019Q2,Percent of Workers in TANF (%),,,"Charles County, Maryland",0.251253078,0.00251,,,,,
2019Q3,Percent of Workers in TANF (%),,,"Charles County, Maryland",0.196820056,0.00197,,,,,
2019Q4,Percent of Workers in TANF (%),,,"Charles County, Maryland",0.187948295,0.00188,,,,,
2020Q1,Percent of Workers in TANF (%),,,"Charles County, Maryland",0.241963967,0.00242,,,,,
2020Q2,Percent of Workers in TANF (%),,,"Charles County, Maryland",0.315040268,0.00315,,,,,
2020Q3,Percent of Workers in TANF (%),,,"Charles County, Maryland",0.253894309,0.00254,,,,,
2020Q4,Percent of Workers in TANF (%),,,"Charles County, Maryland",0.237868121,0.00238,,,,,
2021Q1,Percent of Workers in TANF (%),,,"Charles County, Maryland",0.231240797,0.00231,,,,,
2021Q2,Percent of Workers in TANF (%),,,"Charles County, Maryland",0.341467269,0.00341,,,,,
2021Q3,Percent of Workers in TANF (%),,,"Charles County, Maryland",0.29749808,0.00297,,,,,
2021Q4,Percent of Workers in TANF (%),,,"Charles County, Maryland",0.386835816,0.00387,,,,,
2022Q1,Percent of Workers in TANF (%),,,"Charles County, Maryland",0.374582522,0.00375,,,,,
2022Q2,Percent of Workers in TANF (%),,,"Charles County, Maryland",0.33773334,0.00338,,,,,
2022Q3,Percent of Workers in TANF (%),,,"Charles County, Maryland",0.555354797,0.00555,,,,,
2022Q4,Percent of Workers in TANF (%),,,"Charles County, Maryland",0.531042688,0.00531,,,,,
2015Q3,Percent of Workers in TANF (%),,,"Dorchester County, Maryland",0.32441809,0.00324,,,,,
2015Q4,Percent of Workers in TANF (%),,,"Dorchester County, Maryland",0.284820492,0.00285,,,,,
2016Q1,Percent of Workers in TANF (%),,,"Dorchester County, Maryland",0.208558938,0.00209,,,,,
2016Q2,Percent of Workers in TANF (%),,,"Dorchester County, Maryland",0.170573775,0.00171,,,,,
2016Q3,Percent of Workers in TANF (%),,,"Dorchester County, Maryland",0.140848609,0.00141,,,,,
2016Q4,Percent of Workers in TANF (%),,,"Dorchester County, Maryland",0.159233566,0.00159,,,,,
2017Q1,Percent of Workers in TANF (%),,,"Dorchester County, Maryland",0.118332272,0.00118,,,,,
2017Q2,Percent of Workers in TANF (%),,,"Dorchester County, Maryland",0.095823219,0.00096,,,,,
2017Q3,Percent of Workers in TANF (%),,,"Dorchester County, Maryland",0.117059275,0.00117,,,,,
2017Q4,Percent of Workers in TANF (%),,,"Dorchester County, Maryland",0.146000097,0.00146,,,,,
2018Q1,Percent of Workers in TANF (%),,,"Dorchester County, Maryland",0.101521138,0.00102,,,,,
2018Q2,Percent of Workers in TANF (%),,,"Dorchester County, Maryland",0.124979738,0.00125,,,,,
2018Q3,Percent of Workers in TANF (%),,,"Dorchester County, Maryland",0.104869896,0.00105,,,,,
2018Q4,Percent of Workers in TANF (%),,,"Dorchester County, Maryland",0.140765391,0.00141,,,,,
2019Q1,Percent of Workers in TANF (%),,,"Dorchester County, Maryland",0.100550514,0.00101,,,,,
2019Q2,Percent of Workers in TANF (%),,,"Dorchester County, Maryland",0.112501378,0.00113,,,,,
2019Q3,Percent of Workers in TANF (%),,,"Dorchester County, Maryland",0.092839649,0.00093,,,,,
2019Q4,Percent of Workers in TANF (%),,,"Dorchester County, Maryland",0.095891987,0.00096,,,,,
2020Q1,Percent of Workers in TANF (%),,,"Dorchester County, Maryland",0.081955537,0.00082,,,,,
2020Q2,Percent of Workers in TANF (%),,,"Dorchester County, Maryland",0.147291554,0.00147,,,,,
2020Q3,Percent of Workers in TANF (%),,,"Dorchester County, Maryland",0.126947154,0.00127,,,,,
2020Q4,Percent of Workers in TANF (%),,,"Dorchester County, Maryland",0.100791577,0.00101,,,,,
2021Q1,Percent of Workers in TANF (%),,,"Dorchester County, Maryland",0.132137598,0.00132,,,,,
2021Q2,Percent of Workers in TANF (%),,,"Dorchester County, Maryland",0.301761773,0.00302,,,,,
2021Q3,Percent of Workers in TANF (%),,,"Dorchester County, Maryland",0.212498628,0.00212,,,,,
2021Q4,Percent of Workers in TANF (%),,,"Dorchester County, Maryland",0.16118159,0.00161,,,,,
2022Q1,Percent of Workers in TANF (%),,,"Dorchester County, Maryland",0.153055224,0.00153,,,,,
2022Q2,Percent of Workers in TANF (%),,,"Dorchester County, Maryland",0.177104068,0.00177,,,,,
2022Q3,Percent of Workers in TANF (%),,,"Dorchester County, Maryland",0.169691743,0.00170,,,,,
2022Q4,Percent of Workers in TANF (%),,,"Dorchester County, Maryland",0.117559068,0.00118,,,,,
2015Q3,Percent of Workers in TANF (%),,,"Frederick County, Maryland",0.32441809,0.00324,,,,,
2015Q4,Percent of Workers in TANF (%),,,"Frederick County, Maryland",0.332290574,0.00332,,,,,
2016Q1,Percent of Workers in TANF (%),,,"Frederick County, Maryland",0.312838407,0.00313,,,,,
2016Q2,Percent of Workers in TANF (%),,,"Frederick County, Maryland",0.314010814,0.00314,,,,,
2016Q3,Percent of Workers in TANF (%),,,"Frederick County, Maryland",0.354024882,0.00354,,,,,
2016Q4,Percent of Workers in TANF (%),,,"Frederick County, Maryland",0.283513423,0.00284,,,,,
2017Q1,Percent of Workers in TANF (%),,,"Frederick County, Maryland",0.244553363,0.00245,,,,,
2017Q2,Percent of Workers in TANF (%),,,"Frederick County, Maryland",0.237641584,0.00238,,,,,
2017Q3,Percent of Workers in TANF (%),,,"Frederick County, Maryland",0.260551289,0.00261,,,,,
2017Q4,Percent of Workers in TANF (%),,,"Frederick County, Maryland",0.303526517,0.00304,,,,,
2018Q1,Percent of Workers in TANF (%),,,"Frederick County, Maryland",0.257707504,0.00258,,,,,
2018Q2,Percent of Workers in TANF (%),,,"Frederick County, Maryland",0.200725034,0.00201,,,,,
2018Q3,Percent of Workers in TANF (%),,,"Frederick County, Maryland",0.243447972,0.00243,,,,,
2018Q4,Percent of Workers in TANF (%),,,"Frederick County, Maryland",0.258703962,0.00259,,,,,
2019Q1,Percent of Workers in TANF (%),,,"Frederick County, Maryland",0.232039648,0.00232,,,,,
2019Q2,Percent of Workers in TANF (%),,,"Frederick County, Maryland",0.24000294,0.00240,,,,,
2019Q3,Percent of Workers in TANF (%),,,"Frederick County, Maryland",0.207960814,0.00208,,,,,
2019Q4,Percent of Workers in TANF (%),,,"Frederick County, Maryland",0.245483487,0.00245,,,,,
2020Q1,Percent of Workers in TANF (%),,,"Frederick County, Maryland",0.280990413,0.00281,,,,,
2020Q2,Percent of Workers in TANF (%),,,"Frederick County, Maryland",0.323223132,0.00323,,,,,
2020Q3,Percent of Workers in TANF (%),,,"Frederick County, Maryland",0.311225282,0.00311,,,,,
2020Q4,Percent of Workers in TANF (%),,,"Frederick County, Maryland",0.278184752,0.00278,,,,,
2021Q1,Percent of Workers in TANF (%),,,"Frederick County, Maryland",0.334473295,0.00334,,,,,
2021Q2,Percent of Workers in TANF (%),,,"Frederick County, Maryland",0.416907712,0.00417,,,,,
2021Q3,Percent of Workers in TANF (%),,,"Frederick County, Maryland",0.397951977,0.00398,,,,,
2021Q4,Percent of Workers in TANF (%),,,"Frederick County, Maryland",0.491603849,0.00492,,,,,
2022Q1,Percent of Workers in TANF (%),,,"Frederick County, Maryland",0.519582208,0.00520,,,,,
2022Q2,Percent of Workers in TANF (%),,,"Frederick County, Maryland",0.547787002,0.00548,,,,,
2022Q3,Percent of Workers in TANF (%),,,"Frederick County, Maryland",0.644057299,0.00644,,,,,
2022Q4,Percent of Workers in TANF (%),,,"Frederick County, Maryland",0.583741581,0.00584,,,,,
2015Q3,Percent of Workers in TANF (%),,,"Garrett County, Maryland",0.07035573,0.00070,,,,,
2015Q4,Percent of Workers in TANF (%),,,"Garrett County, Maryland",0.055381762,0.00055,,,,,
2016Q1,Percent of Workers in TANF (%),,,"Garrett County, Maryland",0.048128986,0.00048,,,,,
2016Q2,Percent of Workers in TANF (%),,,"Garrett County, Maryland",0.100793594,0.00101,,,,,
2016Q3,Percent of Workers in TANF (%),,,"Garrett County, Maryland",0.053294068,0.00053,,,,,
2016Q4,Percent of Workers in TANF (%),,,"Garrett County, Maryland",0.062139928,0.00062,,,,,
2017Q1,Percent of Workers in TANF (%),,,"Garrett County, Maryland",0.031555273,0.00032,,,,,
2017Q2,Percent of Workers in TANF (%),,,"Garrett County, Maryland",0.045995145,0.00046,,,,,
2017Q3,Percent of Workers in TANF (%),,,"Garrett County, Maryland",0.045313268,0.00045,,,,,
2017Q4,Percent of Workers in TANF (%),,,"Garrett County, Maryland",0.042263186,0.00042,,,,,
2018Q1,Percent of Workers in TANF (%),,,"Garrett County, Maryland",0.027332614,0.00027,,,,,
2018Q2,Percent of Workers in TANF (%),,,"Garrett County, Maryland",0.030298118,0.00030,,,,,
2018Q3,Percent of Workers in TANF (%),,,"Garrett County, Maryland",0.022472121,0.00022,,,,,
2018Q4,Percent of Workers in TANF (%),,,"Garrett County, Maryland",0.04184917,0.00042,,,,,
2019Q1,Percent of Workers in TANF (%),,,"Garrett County, Maryland",0.061877239,0.00062,,,,,
2019Q2,Percent of Workers in TANF (%),,,"Garrett County, Maryland",0.078750965,0.00079,,,,,
2019Q3,Percent of Workers in TANF (%),,,"Garrett County, Maryland",0.059417375,0.00059,,,,,
2019Q4,Percent of Workers in TANF (%),,,"Garrett County, Maryland",0.053699513,0.00054,,,,,
2020Q1,Percent of Workers in TANF (%),,,"Garrett County, Maryland",0.070247603,0.00070,,,,,
2020Q2,Percent of Workers in TANF (%),,,"Garrett County, Maryland",0.073645777,0.00074,,,,,
2020Q3,Percent of Workers in TANF (%),,,"Garrett County, Maryland",0.032760556,0.00033,,,,,
2020Q4,Percent of Workers in TANF (%),,,"Garrett County, Maryland",0.036284968,0.00036,,,,,
2021Q1,Percent of Workers in TANF (%),,,"Garrett County, Maryland",0.049551599,0.00050,,,,,
2021Q2,Percent of Workers in TANF (%),,,"Garrett County, Maryland",0.067499344,0.00067,,,,,
2021Q3,Percent of Workers in TANF (%),,,"Garrett County, Maryland",0.046363337,0.00046,,,,,
2021Q4,Percent of Workers in TANF (%),,,"Garrett County, Maryland",0.056413556,0.00056,,,,,
2022Q1,Percent of Workers in TANF (%),,,"Garrett County, Maryland",0.060416536,0.00060,,,,,
2022Q2,Percent of Workers in TANF (%),,,"Garrett County, Maryland",0.061780489,0.00062,,,,,
2022Q3,Percent of Workers in TANF (%),,,"Garrett County, Maryland",0.077132611,0.00077,,,,,
2022Q4,Percent of Workers in TANF (%),,,"Garrett County, Maryland",0.060806415,0.00061,,,,,
2015Q3,Percent of Workers in TANF (%),,,"Harford County, Maryland",0.515942022,0.00516,,,,,
2015Q4,Percent of Workers in TANF (%),,,"Harford County, Maryland",0.49052418,0.00491,,,,,
2016Q1,Percent of Workers in TANF (%),,,"Harford County, Maryland",0.300806161,0.00301,,,,,
2016Q2,Percent of Workers in TANF (%),,,"Harford County, Maryland",0.364407611,0.00364,,,,,
2016Q3,Percent of Workers in TANF (%),,,"Harford County, Maryland",0.388285355,0.00388,,,,,
2016Q4,Percent of Workers in TANF (%),,,"Harford County, Maryland",0.411677025,0.00412,,,,,
2017Q1,Percent of Workers in TANF (%),,,"Harford County, Maryland",0.272164226,0.00272,,,,,
2017Q2,Percent of Workers in TANF (%),,,"Harford County, Maryland",0.344963589,0.00345,,,,,
2017Q3,Percent of Workers in TANF (%),,,"Harford County, Maryland",0.396491092,0.00396,,,,,
2017Q4,Percent of Workers in TANF (%),,,"Harford County, Maryland",0.468737153,0.00469,,,,,
2018Q1,Percent of Workers in TANF (%),,,"Harford County, Maryland",0.347514665,0.00348,,,,,
2018Q2,Percent of Workers in TANF (%),,,"Harford County, Maryland",0.405237333,0.00405,,,,,
2018Q3,Percent of Workers in TANF (%),,,"Harford County, Maryland",0.352063222,0.00352,,,,,
2018Q4,Percent of Workers in TANF (%),,,"Harford County, Maryland",0.410882763,0.00411,,,,,
2019Q1,Percent of Workers in TANF (%),,,"Harford County, Maryland",0.27458025,0.00275,,,,,
2019Q2,Percent of Workers in TANF (%),,,"Harford County, Maryland",0.303753721,0.00304,,,,,
2019Q3,Percent of Workers in TANF (%),,,"Harford County, Maryland",0.297086877,0.00297,,,,,
2019Q4,Percent of Workers in TANF (%),,,"Harford County, Maryland",0.337539795,0.00338,,,,,
2020Q1,Percent of Workers in TANF (%),,,"Harford County, Maryland",0.386361818,0.00386,,,,,
2020Q2,Percent of Workers in TANF (%),,,"Harford County, Maryland",0.511429006,0.00511,,,,,
2020Q3,Percent of Workers in TANF (%),,,"Harford County, Maryland",0.278464726,0.00278,,,,,
2020Q4,Percent of Workers in TANF (%),,,"Harford County, Maryland",0.322533046,0.00323,,,,,
2021Q1,Percent of Workers in TANF (%),,,"Harford County, Maryland",0.412929994,0.00413,,,,,
2021Q2,Percent of Workers in TANF (%),,,"Harford County, Maryland",0.980725761,0.00981,,,,,
2021Q3,Percent of Workers in TANF (%),,,"Harford County, Maryland",1.062493142,0.01062,,,,,
2021Q4,Percent of Workers in TANF (%),,,"Harford County, Maryland",1.096034812,0.01096,,,,,
2022Q1,Percent of Workers in TANF (%),,,"Harford County, Maryland",0.668609662,0.00669,,,,,
2022Q2,Percent of Workers in TANF (%),,,"Harford County, Maryland",0.78255286,0.00783,,,,,
2022Q3,Percent of Workers in TANF (%),,,"Harford County, Maryland",0.995010677,0.00995,,,,,
2022Q4,Percent of Workers in TANF (%),,,"Harford County, Maryland",1.098569225,0.01099,,,,,
2015Q3,Percent of Workers in TANF (%),,,"Howard County, Maryland",0.496398764,0.00496,,,,,
2015Q4,Percent of Workers in TANF (%),,,"Howard County, Maryland",0.458877459,0.00459,,,,,
2016Q1,Percent of Workers in TANF (%),,,"Howard County, Maryland",0.356956644,0.00357,,,,,
2016Q2,Percent of Workers in TANF (%),,,"Howard County, Maryland",0.391544348,0.00392,,,,,
2016Q3,Percent of Workers in TANF (%),,,"Howard County, Maryland",0.422545827,0.00423,,,,,
2016Q4,Percent of Workers in TANF (%),,,"Howard County, Maryland",0.423328261,0.00423,,,,,
2017Q1,Percent of Workers in TANF (%),,,"Howard County, Maryland",0.378663271,0.00379,,,,,
2017Q2,Percent of Workers in TANF (%),,,"Howard County, Maryland",0.379459948,0.00379,,,,,
2017Q3,Percent of Workers in TANF (%),,,"Howard County, Maryland",0.313416768,0.00313,,,,,
2017Q4,Percent of Workers in TANF (%),,,"Howard County, Maryland",0.365000242,0.00365,,,,,
2018Q1,Percent of Workers in TANF (%),,,"Howard County, Maryland",0.253802845,0.00254,,,,,
2018Q2,Percent of Workers in TANF (%),,,"Howard County, Maryland",0.2688958,0.00269,,,,,
2018Q3,Percent of Workers in TANF (%),,,"Howard County, Maryland",0.2734108,0.00273,,,,,
2018Q4,Percent of Workers in TANF (%),,,"Howard County, Maryland",0.391860412,0.00392,,,,,
2019Q1,Percent of Workers in TANF (%),,,"Howard County, Maryland",0.348059472,0.00348,,,,,
2019Q2,Percent of Workers in TANF (%),,,"Howard County, Maryland",0.322503951,0.00323,,,,,
2019Q3,Percent of Workers in TANF (%),,,"Howard County, Maryland",0.430775972,0.00431,,,,,
2019Q4,Percent of Workers in TANF (%),,,"Howard County, Maryland",0.425760423,0.00426,,,,,
2020Q1,Percent of Workers in TANF (%),,,"Howard County, Maryland",0.398069752,0.00398,,,,,
2020Q2,Percent of Workers in TANF (%),,,"Howard County, Maryland",0.49915471,0.00499,,,,,
2020Q3,Percent of Workers in TANF (%),,,"Howard County, Maryland",0.466837922,0.00467,,,,,
2020Q4,Percent of Workers in TANF (%),,,"Howard County, Maryland",0.443482938,0.00443,,,,,
2021Q1,Percent of Workers in TANF (%),,,"Howard County, Maryland",0.284921696,0.00285,,,,,
2021Q2,Percent of Workers in TANF (%),,,"Howard County, Maryland",0.595582446,0.00596,,,,,
2021Q3,Percent of Workers in TANF (%),,,"Howard County, Maryland",0.509996708,0.00510,,,,,
2021Q4,Percent of Workers in TANF (%),,,"Howard County, Maryland",0.576224184,0.00576,,,,,
2022Q1,Percent of Workers in TANF (%),,,"Howard County, Maryland",0.59208205,0.00592,,,,,
2022Q2,Percent of Workers in TANF (%),,,"Howard County, Maryland",0.50248131,0.00502,,,,,
2022Q3,Percent of Workers in TANF (%),,,"Howard County, Maryland",0.57849458,0.00578,,,,,
2022Q4,Percent of Workers in TANF (%),,,"Howard County, Maryland",0.604010386,0.00604,,,,,
2015Q3,Percent of Workers in TANF (%),,,"Kent County, Maryland",0.058629775,0.00059,,,,,
2015Q4,Percent of Workers in TANF (%),,,"Kent County, Maryland",0.098896004,0.00099,,,,,
2016Q1,Percent of Workers in TANF (%),,,"Kent County, Maryland",0.088236474,0.00088,,,,,
2016Q2,Percent of Workers in TANF (%),,,"Kent County, Maryland",0.073656858,0.00074,,,,,
2016Q3,Percent of Workers in TANF (%),,,"Kent County, Maryland",0.102781417,0.00103,,,,,
2016Q4,Percent of Workers in TANF (%),,,"Kent County, Maryland",0.07767491,0.00078,,,,,
2017Q1,Percent of Workers in TANF (%),,,"Kent County, Maryland",0.0433885,0.00043,,,,,
2017Q2,Percent of Workers in TANF (%),,,"Kent County, Maryland",0.03066343,0.00031,,,,,
2017Q3,Percent of Workers in TANF (%),,,"Kent County, Maryland",0.052865479,0.00053,,,,,
2017Q4,Percent of Workers in TANF (%),,,"Kent County, Maryland",0.065315833,0.00065,,,,,
2018Q1,Percent of Workers in TANF (%),,,"Kent County, Maryland",0.031237273,0.00031,,,,,
2018Q2,Percent of Workers in TANF (%),,,"Kent County, Maryland",0.064383501,0.00064,,,,,
2018Q3,Percent of Workers in TANF (%),,,"Kent County, Maryland",0.052434948,0.00052,,,,,
2018Q4,Percent of Workers in TANF (%),,,"Kent County, Maryland",0.04184917,0.00042,,,,,
2019Q1,Percent of Workers in TANF (%),,,"Kent County, Maryland",0.03093862,0.00031,,,,,
2019Q2,Percent of Workers in TANF (%),,,"Kent County, Maryland",0.037500459,0.00038,,,,,
2019Q3,Percent of Workers in TANF (%),,,"Kent County, Maryland",0.05570379,0.00056,,,,,
2019Q4,Percent of Workers in TANF (%),,,"Kent County, Maryland",0.053699513,0.00054,,,,,
2020Q1,Percent of Workers in TANF (%),,,"Kent County, Maryland",0.039026446,0.00039,,,,,
2020Q2,Percent of Workers in TANF (%),,,"Kent County, Maryland",0.032731456,0.00033,,,,,
2020Q3,Percent of Workers in TANF (%),,,"Kent County, Maryland",0.036855625,0.00037,,,,,
2020Q4,Percent of Workers in TANF (%),,,"Kent County, Maryland",0.048379957,0.00048,,,,,
2021Q1,Percent of Workers in TANF (%),,,"Kent County, Maryland",0.057810199,0.00058,,,,,
2021Q2,Percent of Workers in TANF (%),,,"Kent County, Maryland",0.055587695,0.00056,,,,,
2021Q3,Percent of Workers in TANF (%),,,"Kent County, Maryland",0.042499726,0.00042,,,,,
2021Q4,Percent of Workers in TANF (%),,,"Kent County, Maryland",0.076561255,0.00077,,,,,
2022Q1,Percent of Workers in TANF (%),,,"Kent County, Maryland",0.056388767,0.00056,,,,,
2022Q2,Percent of Workers in TANF (%),,,"Kent County, Maryland",0.061780489,0.00062,,,,,
2022Q3,Percent of Workers in TANF (%),,,"Kent County, Maryland",0.053992827,0.00054,,,,,
2022Q4,Percent of Workers in TANF (%),,,"Kent County, Maryland",0.064860176,0.00065,,,,,
2015Q3,Percent of Workers in TANF (%),,,"Montgomery County, Maryland",1.125691685,0.01126,,,,,
2015Q4,Percent of Workers in TANF (%),,,"Montgomery County, Maryland",1.075988525,0.01076,,,,,
2016Q1,Percent of Workers in TANF (%),,,"Montgomery County, Maryland",0.846267998,0.00846,,,,,
2016Q2,Percent of Workers in TANF (%),,,"Montgomery County, Maryland",0.845115523,0.00845,,,,,
2016Q3,Percent of Workers in TANF (%),,,"Montgomery County, Maryland",0.928839476,0.00929,,,,,
2016Q4,Percent of Workers in TANF (%),,,"Montgomery County, Maryland",0.990355106,0.00990,,,,,
2017Q1,Percent of Workers in TANF (%),,,"Montgomery County, Maryland",0.883547633,0.00884,,,,,
2017Q2,Percent of Workers in TANF (%),,,"Montgomery County, Maryland",0.893072403,0.00893,,,,,
2017Q3,Percent of Workers in TANF (%),,,"Montgomery County, Maryland",0.777877761,0.00778,,,,,
2017Q4,Percent of Workers in TANF (%),,,"Montgomery County, Maryland",0.876000581,0.00876,,,,,
2018Q1,Percent of Workers in TANF (%),,,"Montgomery County, Maryland",0.804359786,0.00804,,,,,
2018Q2,Percent of Workers in TANF (%),,,"Montgomery County, Maryland",0.757452958,0.00757,,,,,
2018Q3,Percent of Workers in TANF (%),,,"Montgomery County, Maryland",0.719107857,0.00719,,,,,
2018Q4,Percent of Workers in TANF (%),,,"Montgomery County, Maryland",0.836983405,0.00837,,,,,
2019Q1,Percent of Workers in TANF (%),,,"Montgomery County, Maryland",0.669047651,0.00669,,,,,
2019Q2,Percent of Workers in TANF (%),,,"Montgomery County, Maryland",0.73875905,0.00739,,,,,
2019Q3,Percent of Workers in TANF (%),,,"Montgomery County, Maryland",0.701867748,0.00702,,,,,
2019Q4,Percent of Workers in TANF (%),,,"Montgomery County, Maryland",0.882206283,0.00882,,,,,
2020Q1,Percent of Workers in TANF (%),,,"Montgomery County, Maryland",0.811750082,0.00812,,,,,
2020Q2,Percent of Workers in TANF (%),,,"Montgomery County, Maryland",1.607932796,0.01608,,,,,
2020Q3,Percent of Workers in TANF (%),,,"Montgomery County, Maryland",1.371848281,0.01372,,,,,
2020Q4,Percent of Workers in TANF (%),,,"Montgomery County, Maryland",1.233688899,0.01234,,,,,
2021Q1,Percent of Workers in TANF (%),,,"Montgomery County, Maryland",0.854765088,0.00855,,,,,
2021Q2,Percent of Workers in TANF (%),,,"Montgomery County, Maryland",1.302340282,0.01302,,,,,
2021Q3,Percent of Workers in TANF (%),,,"Montgomery County, Maryland",1.421809005,0.01422,,,,,
2021Q4,Percent of Workers in TANF (%),,,"Montgomery County, Maryland",1.668229456,0.01668,,,,,
2022Q1,Percent of Workers in TANF (%),,,"Montgomery County, Maryland",1.200275177,0.01200,,,,,
2022Q2,Percent of Workers in TANF (%),,,"Montgomery County, Maryland",1.202660185,0.01203,,,,,
2022Q3,Percent of Workers in TANF (%),,,"Montgomery County, Maryland",1.384530361,0.01385,,,,,
2022Q4,Percent of Workers in TANF (%),,,"Montgomery County, Maryland",1.317472318,0.01317,,,,,
2015Q3,Percent of Workers in TANF (%),,,"Prince Georges County, Maryland",1.434475168,0.01434,,,,,
2015Q4,Percent of Workers in TANF (%),,,"Prince Georges County, Maryland",1.471572541,0.01472,,,,,
2016Q1,Percent of Workers in TANF (%),,,"Prince Georges County, Maryland",1.159106405,0.01159,,,,,
2016Q2,Percent of Workers in TANF (%),,,"Prince Georges County, Maryland",1.318070082,0.01318,,,,,
2016Q3,Percent of Workers in TANF (%),,,"Prince Georges County, Maryland",1.210536694,0.01211,,,,,
2016Q4,Percent of Workers in TANF (%),,,"Prince Georges County, Maryland",1.31658973,0.01317,,,,,
2017Q1,Percent of Workers in TANF (%),,,"Prince Georges County, Maryland",1.234600041,0.01235,,,,,
2017Q2,Percent of Workers in TANF (%),,,"Prince Georges County, Maryland",1.203539633,0.01204,,,,,
2017Q3,Percent of Workers in TANF (%),,,"Prince Georges County, Maryland",1.106398951,0.01106,,,,,
2017Q4,Percent of Workers in TANF (%),,,"Prince Georges County, Maryland",1.360106165,0.01360,,,,,
2018Q1,Percent of Workers in TANF (%),,,"Prince Georges County, Maryland",0.956641493,0.00957,,,,,
2018Q2,Percent of Workers in TANF (%),,,"Prince Georges County, Maryland",0.946816198,0.00947,,,,,
2018Q3,Percent of Workers in TANF (%),,,"Prince Georges County, Maryland",1.071171078,0.01071,,,,,
2018Q4,Percent of Workers in TANF (%),,,"Prince Georges County, Maryland",1.209821468,0.01210,,,,,
2019Q1,Percent of Workers in TANF (%),,,"Prince Georges County, Maryland",0.881750662,0.00882,,,,,
2019Q2,Percent of Workers in TANF (%),,,"Prince Georges County, Maryland",0.813759969,0.00814,,,,,
2019Q3,Percent of Workers in TANF (%),,,"Prince Georges County, Maryland",0.824416085,0.00824,,,,,
2019Q4,Percent of Workers in TANF (%),,,"Prince Georges County, Maryland",1.008783706,0.01009,,,,,
2020Q1,Percent of Workers in TANF (%),,,"Prince Georges County, Maryland",0.940537355,0.00941,,,,,
2020Q2,Percent of Workers in TANF (%),,,"Prince Georges County, Maryland",1.808412966,0.01808,,,,,
2020Q3,Percent of Workers in TANF (%),,,"Prince Georges County, Maryland",1.764974953,0.01765,,,,,
2020Q4,Percent of Workers in TANF (%),,,"Prince Georges County, Maryland",1.761836761,0.01762,,,,,
2021Q1,Percent of Workers in TANF (%),,,"Prince Georges County, Maryland",2.229821969,0.02230,,,,,
2021Q2,Percent of Workers in TANF (%),,,"Prince Georges County, Maryland",3.470260385,0.03470,,,,,
2021Q3,Percent of Workers in TANF (%),,,"Prince Georges County, Maryland",2.843618009,0.02844,,,,,
2021Q4,Percent of Workers in TANF (%),,,"Prince Georges County, Maryland",2.852914143,0.02853,,,,,
2022Q1,Percent of Workers in TANF (%),,,"Prince Georges County, Maryland",2.767077338,0.02767,,,,,
2022Q2,Percent of Workers in TANF (%),,,"Prince Georges County, Maryland",2.322946386,0.02323,,,,,
2022Q3,Percent of Workers in TANF (%),,,"Prince Georges County, Maryland",3.201003341,0.03201,,,,,
2022Q4,Percent of Workers in TANF (%),,,"Prince Georges County, Maryland",3.052482017,0.03052,,,,,
2015Q3,Percent of Workers in TANF (%),,,"Queen Annes County, Maryland",0.054721124,0.00055,,,,,
2015Q4,Percent of Workers in TANF (%),,,"Queen Annes County, Maryland",0.059337602,0.00059,,,,,
2016Q1,Percent of Workers in TANF (%),,,"Queen Annes County, Maryland",0.040107488,0.00040,,,,,
2016Q2,Percent of Workers in TANF (%),,,"Queen Annes County, Maryland",0.065903504,0.00066,,,,,
2016Q3,Percent of Workers in TANF (%),,,"Queen Annes County, Maryland",0.076134383,0.00076,,,,,
2016Q4,Percent of Workers in TANF (%),,,"Queen Annes County, Maryland",0.07767491,0.00078,,,,,
2017Q1,Percent of Workers in TANF (%),,,"Queen Annes County, Maryland",0.078888182,0.00079,,,,,
2017Q2,Percent of Workers in TANF (%),,,"Queen Annes County, Maryland",0.072825647,0.00073,,,,,
2017Q3,Percent of Workers in TANF (%),,,"Queen Annes County, Maryland",0.056641585,0.00057,,,,,
2017Q4,Percent of Workers in TANF (%),,,"Queen Annes County, Maryland",0.065315833,0.00065,,,,,
2018Q1,Percent of Workers in TANF (%),,,"Queen Annes County, Maryland",0.042951251,0.00043,,,,,
2018Q2,Percent of Workers in TANF (%),,,"Queen Annes County, Maryland",0.030298118,0.00030,,,,,
2018Q3,Percent of Workers in TANF (%),,,"Queen Annes County, Maryland",0.056180301,0.00056,,,,,
2018Q4,Percent of Workers in TANF (%),,,"Queen Annes County, Maryland",0.04945811,0.00049,,,,,
2019Q1,Percent of Workers in TANF (%),,,"Queen Annes County, Maryland",0.023203965,0.00023,,,,,
2019Q2,Percent of Workers in TANF (%),,,"Queen Annes County, Maryland",0.045000551,0.00045,,,,,
2019Q3,Percent of Workers in TANF (%),,,"Queen Annes County, Maryland",0.033422274,0.00033,,,,,
2019Q4,Percent of Workers in TANF (%),,,"Queen Annes County, Maryland",0.023014077,0.00023,,,,,
2020Q1,Percent of Workers in TANF (%),,,"Queen Annes County, Maryland",0.023415868,0.00023,,,,,
2020Q2,Percent of Workers in TANF (%),,,"Queen Annes County, Maryland",0.085920073,0.00086,,,,,
2020Q3,Percent of Workers in TANF (%),,,"Queen Annes County, Maryland",0.057330973,0.00057,,,,,
2020Q4,Percent of Workers in TANF (%),,,"Queen Annes County, Maryland",0.056443283,0.00056,,,,,
2021Q1,Percent of Workers in TANF (%),,,"Queen Annes County, Maryland",0.049551599,0.00050,,,,,
2021Q2,Percent of Workers in TANF (%),,,"Queen Annes County, Maryland",0.083381542,0.00083,,,,,
2021Q3,Percent of Workers in TANF (%),,,"Queen Annes County, Maryland",0.104317508,0.00104,,,,,
2021Q4,Percent of Workers in TANF (%),,,"Queen Annes County, Maryland",0.080590795,0.00081,,,,,
2022Q1,Percent of Workers in TANF (%),,,"Queen Annes County, Maryland",0.056388767,0.00056,,,,,
2022Q2,Percent of Workers in TANF (%),,,"Queen Annes County, Maryland",0.05766179,0.00058,,,,,
2022Q3,Percent of Workers in TANF (%),,,"Queen Annes County, Maryland",0.088702502,0.00089,,,,,
2022Q4,Percent of Workers in TANF (%),,,"Queen Annes County, Maryland",0.109451546,0.00109,,,,,
2015Q3,Percent of Workers in TANF (%),,,"St Marys County, Maryland",0.578480449,0.00578,,,,,
2015Q4,Percent of Workers in TANF (%),,,"St Marys County, Maryland",0.648757787,0.00649,,,,,
2016Q1,Percent of Workers in TANF (%),,,"St Marys County, Maryland",0.529418842,0.00529,,,,,
2016Q2,Percent of Workers in TANF (%),,,"St Marys County, Maryland",0.581501507,0.00582,,,,,
2016Q3,Percent of Workers in TANF (%),,,"St Marys County, Maryland",0.567201155,0.00567,,,,,
2016Q4,Percent of Workers in TANF (%),,,"St Marys County, Maryland",0.567026845,0.00567,,,,,
2017Q1,Percent of Workers in TANF (%),,,"St Marys County, Maryland",0.441773817,0.00442,,,,,
2017Q2,Percent of Workers in TANF (%),,,"St Marys County, Maryland",0.43695388,0.00437,,,,,
2017Q3,Percent of Workers in TANF (%),,,"St Marys County, Maryland",0.41537162,0.00415,,,,,
2017Q4,Percent of Workers in TANF (%),,,"St Marys County, Maryland",0.537895094,0.00538,,,,,
2018Q1,Percent of Workers in TANF (%),,,"St Marys County, Maryland",0.476368417,0.00476,,,,,
2018Q2,Percent of Workers in TANF (%),,,"St Marys County, Maryland",0.45068451,0.00451,,,,,
2018Q3,Percent of Workers in TANF (%),,,"St Marys County, Maryland",0.41573423,0.00416,,,,,
2018Q4,Percent of Workers in TANF (%),,,"St Marys County, Maryland",0.464145343,0.00464,,,,,
2019Q1,Percent of Workers in TANF (%),,,"St Marys County, Maryland",0.421538694,0.00422,,,,,
2019Q2,Percent of Workers in TANF (%),,,"St Marys County, Maryland",0.423755191,0.00424,,,,,
2019Q3,Percent of Workers in TANF (%),,,"St Marys County, Maryland",0.445630316,0.00446,,,,,
2019Q4,Percent of Workers in TANF (%),,,"St Marys County, Maryland",0.471788577,0.00472,,,,,
2020Q1,Percent of Workers in TANF (%),,,"St Marys County, Maryland",0.41368033,0.00414,,,,,
2020Q2,Percent of Workers in TANF (%),,,"St Marys County, Maryland",0.462331822,0.00462,,,,,
2020Q3,Percent of Workers in TANF (%),,,"St Marys County, Maryland",0.434077367,0.00434,,,,,
2020Q4,Percent of Workers in TANF (%),,,"St Marys County, Maryland",0.399134644,0.00399,,,,,
2021Q1,Percent of Workers in TANF (%),,,"St Marys County, Maryland",0.445964394,0.00446,,,,,
2021Q2,Percent of Workers in TANF (%),,,"St Marys County, Maryland",0.512200903,0.00512,,,,,
2021Q3,Percent of Workers in TANF (%),,,"St Marys County, Maryland",0.471360594,0.00471,,,,,
2021Q4,Percent of Workers in TANF (%),,,"St Marys County, Maryland",0.588312803,0.00588,,,,,
2022Q1,Percent of Workers in TANF (%),,,"St Marys County, Maryland",0.547776591,0.00548,,,,,
2022Q2,Percent of Workers in TANF (%),,,"St Marys County, Maryland",0.601330093,0.00601,,,,,
2022Q3,Percent of Workers in TANF (%),,,"St Marys County, Maryland",0.57849458,0.00578,,,,,
2022Q4,Percent of Workers in TANF (%),,,"St Marys County, Maryland",0.526988927,0.00527,,,,,
2015Q3,Percent of Workers in TANF (%),,,"Somerset County, Maryland",0.285331573,0.00285,,,,,
2015Q4,Percent of Workers in TANF (%),,,"Somerset County, Maryland",0.205703689,0.00206,,,,,
2016Q1,Percent of Workers in TANF (%),,,"Somerset County, Maryland",0.176472947,0.00176,,,,,
2016Q2,Percent of Workers in TANF (%),,,"Somerset County, Maryland",0.232600603,0.00233,,,,,
2016Q3,Percent of Workers in TANF (%),,,"Somerset County, Maryland",0.262663622,0.00263,,,,,
2016Q4,Percent of Workers in TANF (%),,,"Somerset County, Maryland",0.240792222,0.00241,,,,,
2017Q1,Percent of Workers in TANF (%),,,"Somerset County, Maryland",0.197220454,0.00197,,,,,
2017Q2,Percent of Workers in TANF (%),,,"Somerset County, Maryland",0.245307441,0.00245,,,,,
2017Q3,Percent of Workers in TANF (%),,,"Somerset County, Maryland",0.20768581,0.00208,,,,,
2017Q4,Percent of Workers in TANF (%),,,"Somerset County, Maryland",0.207473822,0.00207,,,,,
2018Q1,Percent of Workers in TANF (%),,,"Somerset County, Maryland",0.175709662,0.00176,,,,,
2018Q2,Percent of Workers in TANF (%),,,"Somerset County, Maryland",0.196937769,0.00197,,,,,
2018Q3,Percent of Workers in TANF (%),,,"Somerset County, Maryland",0.217230498,0.00217,,,,,
2018Q4,Percent of Workers in TANF (%),,,"Somerset County, Maryland",0.152178801,0.00152,,,,,
2019Q1,Percent of Workers in TANF (%),,,"Somerset County, Maryland",0.127621806,0.00128,,,,,
2019Q2,Percent of Workers in TANF (%),,,"Somerset County, Maryland",0.165002021,0.00165,,,,,
2019Q3,Percent of Workers in TANF (%),,,"Somerset County, Maryland",0.152257025,0.00152,,,,,
2019Q4,Percent of Workers in TANF (%),,,"Somerset County, Maryland",0.141920141,0.00142,,,,,
2020Q1,Percent of Workers in TANF (%),,,"Somerset County, Maryland",0.10927405,0.00109,,,,,
2020Q2,Percent of Workers in TANF (%),,,"Somerset County, Maryland",0.18002301,0.00180,,,,,
2020Q3,Percent of Workers in TANF (%),,,"Somerset County, Maryland",0.192468266,0.00192,,,,,
2020Q4,Percent of Workers in TANF (%),,,"Somerset County, Maryland",0.201583153,0.00202,,,,,
2021Q1,Percent of Workers in TANF (%),,,"Somerset County, Maryland",0.202335697,0.00202,,,,,
2021Q2,Percent of Workers in TANF (%),,,"Somerset County, Maryland",0.452642659,0.00453,,,,,
2021Q3,Percent of Workers in TANF (%),,,"Somerset County, Maryland",0.37863392,0.00379,,,,,
2021Q4,Percent of Workers in TANF (%),,,"Somerset County, Maryland",0.298185941,0.00298,,,,,
2022Q1,Percent of Workers in TANF (%),,,"Somerset County, Maryland",0.29805491,0.00298,,,,,
2022Q2,Percent of Workers in TANF (%),,,"Somerset County, Maryland",0.308902445,0.00309,,,,,
2022Q3,Percent of Workers in TANF (%),,,"Somerset County, Maryland",0.316243704,0.00316,,,,,
2022Q4,Percent of Workers in TANF (%),,,"Somerset County, Maryland",0.308085834,0.00308,,,,,
2015Q3,Percent of Workers in TANF (%),,,"Talbot County, Maryland",0.039086517,0.00039,,,,,
2015Q4,Percent of Workers in TANF (%),,,"Talbot County, Maryland",0.059337602,0.00059,,,,,
2016Q1,Percent of Workers in TANF (%),,,"Talbot County, Maryland",0.052139734,0.00052,,,,,
2016Q2,Percent of Workers in TANF (%),,,"Talbot County, Maryland",0.058150151,0.00058,,,,,
2016Q3,Percent of Workers in TANF (%),,,"Talbot County, Maryland",0.057100787,0.00057,,,,,
2016Q4,Percent of Workers in TANF (%),,,"Talbot County, Maryland",0.046604946,0.00047,,,,,
2017Q1,Percent of Workers in TANF (%),,,"Talbot County, Maryland",0.051277318,0.00051,,,,,
2017Q2,Percent of Workers in TANF (%),,,"Talbot County, Maryland",0.053661003,0.00054,,,,,
2017Q3,Percent of Workers in TANF (%),,,"Talbot County, Maryland",0.052865479,0.00053,,,,,
2017Q4,Percent of Workers in TANF (%),,,"Talbot County, Maryland",0.042263186,0.00042,,,,,
2018Q1,Percent of Workers in TANF (%),,,"Talbot County, Maryland",0.027332614,0.00027,,,,,
2018Q2,Percent of Workers in TANF (%),,,"Talbot County, Maryland",0.068170766,0.00068,,,,,
2018Q3,Percent of Workers in TANF (%),,,"Talbot County, Maryland",0.056180301,0.00056,,,,,
2018Q4,Percent of Workers in TANF (%),,,"Talbot County, Maryland",0.04565364,0.00046,,,,,
2019Q1,Percent of Workers in TANF (%),,,"Talbot County, Maryland",0.034805947,0.00035,,,,,
2019Q2,Percent of Workers in TANF (%),,,"Talbot County, Maryland",0.071250873,0.00071,,,,,
2019Q3,Percent of Workers in TANF (%),,,"Talbot County, Maryland",0.048276618,0.00048,,,,,
2019Q4,Percent of Workers in TANF (%),,,"Talbot County, Maryland",0.065206551,0.00065,,,,,
2020Q1,Percent of Workers in TANF (%),,,"Talbot County, Maryland",0.078052893,0.00078,,,,,
2020Q2,Percent of Workers in TANF (%),,,"Talbot County, Maryland",0.073645777,0.00074,,,,,
2020Q3,Percent of Workers in TANF (%),,,"Talbot County, Maryland",0.053235903,0.00053,,,,,
2020Q4,Percent of Workers in TANF (%),,,"Talbot County, Maryland",0.072569935,0.00073,,,,,
2021Q1,Percent of Workers in TANF (%),,,"Talbot County, Maryland",0.049551599,0.00050,,,,,
2021Q2,Percent of Workers in TANF (%),,,"Talbot County, Maryland",0.158821986,0.00159,,,,,
2021Q3,Percent of Workers in TANF (%),,,"Talbot County, Maryland",0.088863063,0.00089,,,,,
2021Q4,Percent of Workers in TANF (%),,,"Talbot County, Maryland",0.072531715,0.00073,,,,,
2022Q1,Percent of Workers in TANF (%),,,"Talbot County, Maryland",0.060416536,0.00060,,,,,
2022Q2,Percent of Workers in TANF (%),,,"Talbot County, Maryland",0.065899188,0.00066,,,,,
2022Q3,Percent of Workers in TANF (%),,,"Talbot County, Maryland",0.06941935,0.00069,,,,,
2022Q4,Percent of Workers in TANF (%),,,"Talbot County, Maryland",0.105397785,0.00105,,,,,
2015Q3,Percent of Workers in TANF (%),,,"Washington County, Maryland",0.48858146,0.00489,,,,,
2015Q4,Percent of Workers in TANF (%),,,"Washington County, Maryland",0.652713627,0.00653,,,,,
2016Q1,Percent of Workers in TANF (%),,,"Washington County, Maryland",0.525408094,0.00525,,,,,
2016Q2,Percent of Workers in TANF (%),,,"Washington County, Maryland",0.531104709,0.00531,,,,,
2016Q3,Percent of Workers in TANF (%),,,"Washington County, Maryland",0.517713806,0.00518,,,,,
2016Q4,Percent of Workers in TANF (%),,,"Washington County, Maryland",0.532073136,0.00532,,,,,
2017Q1,Percent of Workers in TANF (%),,,"Washington County, Maryland",0.520661998,0.00521,,,,,
2017Q2,Percent of Workers in TANF (%),,,"Washington County, Maryland",0.5596076,0.00560,,,,,
2017Q3,Percent of Workers in TANF (%),,,"Washington County, Maryland",0.396491092,0.00396,,,,,
2017Q4,Percent of Workers in TANF (%),,,"Washington County, Maryland",0.464895045,0.00465,,,,,
2018Q1,Percent of Workers in TANF (%),,,"Washington County, Maryland",0.374847279,0.00375,,,,,
2018Q2,Percent of Workers in TANF (%),,,"Washington County, Maryland",0.496131688,0.00496,,,,,
2018Q3,Percent of Workers in TANF (%),,,"Washington County, Maryland",0.408243523,0.00408,,,,,
2018Q4,Percent of Workers in TANF (%),,,"Washington County, Maryland",0.448927463,0.00449,,,,,
2019Q1,Percent of Workers in TANF (%),,,"Washington County, Maryland",0.351926799,0.00352,,,,,
2019Q2,Percent of Workers in TANF (%),,,"Washington County, Maryland",0.476255834,0.00476,,,,,
2019Q3,Percent of Workers in TANF (%),,,"Washington County, Maryland",0.46048466,0.00460,,,,,
2019Q4,Percent of Workers in TANF (%),,,"Washington County, Maryland",0.4487745,0.00449,,,,,
2020Q1,Percent of Workers in TANF (%),,,"Washington County, Maryland",0.468317355,0.00468,,,,,
2020Q2,Percent of Workers in TANF (%),,,"Washington County, Maryland",0.527794734,0.00528,,,,,
2020Q3,Percent of Workers in TANF (%),,,"Washington County, Maryland",0.520073826,0.00520,,,,,
2020Q4,Percent of Workers in TANF (%),,,"Washington County, Maryland",0.479767905,0.00480,,,,,
2021Q1,Percent of Workers in TANF (%),,,"Washington County, Maryland",0.503774593,0.00504,,,,,
2021Q2,Percent of Workers in TANF (%),,,"Washington County, Maryland",0.722640034,0.00723,,,,,
2021Q3,Percent of Workers in TANF (%),,,"Washington County, Maryland",0.703177279,0.00703,,,,,
2021Q4,Percent of Workers in TANF (%),,,"Washington County, Maryland",0.950971381,0.00951,,,,,
2022Q1,Percent of Workers in TANF (%),,,"Washington County, Maryland",1.006942263,0.01007,,,,,
2022Q2,Percent of Workers in TANF (%),,,"Washington County, Maryland",0.910232538,0.00910,,,,,
2022Q3,Percent of Workers in TANF (%),,,"Washington County, Maryland",1.153132529,0.01153,,,,,
2022Q4,Percent of Workers in TANF (%),,,"Washington County, Maryland",1.220182054,0.01220,,,,,
2015Q3,Percent of Workers in TANF (%),,,"Wicomico County, Maryland",0.644927528,0.00645,,,,,
2015Q4,Percent of Workers in TANF (%),,,"Wicomico County, Maryland",0.704139549,0.00704,,,,,
2016Q1,Percent of Workers in TANF (%),,,"Wicomico County, Maryland",0.545461838,0.00545,,,,,
2016Q2,Percent of Workers in TANF (%),,,"Wicomico County, Maryland",0.670665071,0.00671,,,,,
2016Q3,Percent of Workers in TANF (%),,,"Wicomico County, Maryland",0.620495224,0.00620,,,,,
2016Q4,Percent of Workers in TANF (%),,,"Wicomico County, Maryland",0.601980555,0.00602,,,,,
2017Q1,Percent of Workers in TANF (%),,,"Wicomico County, Maryland",0.489106725,0.00489,,,,,
2017Q2,Percent of Workers in TANF (%),,,"Wicomico County, Maryland",0.574939315,0.00575,,,,,
2017Q3,Percent of Workers in TANF (%),,,"Wicomico County, Maryland",0.494669838,0.00495,,,,,
2017Q4,Percent of Workers in TANF (%),,,"Wicomico County, Maryland",0.541737201,0.00542,,,,,
2018Q1,Percent of Workers in TANF (%),,,"Wicomico County, Maryland",0.402179893,0.00402,,,,,
2018Q2,Percent of Workers in TANF (%),,,"Wicomico County, Maryland",0.477195364,0.00477,,,,,
2018Q3,Percent of Workers in TANF (%),,,"Wicomico County, Maryland",0.524349479,0.00524,,,,,
2018Q4,Percent of Workers in TANF (%),,,"Wicomico County, Maryland",0.505994513,0.00506,,,,,
2019Q1,Percent of Workers in TANF (%),,,"Wicomico County, Maryland",0.382865419,0.00383,,,,,
2019Q2,Percent of Workers in TANF (%),,,"Wicomico County, Maryland",0.412505053,0.00413,,,,,
2019Q3,Percent of Workers in TANF (%),,,"Wicomico County, Maryland",0.382499355,0.00382,,,,,
2019Q4,Percent of Workers in TANF (%),,,"Wicomico County, Maryland",0.349046834,0.00349,,,,,
2020Q1,Percent of Workers in TANF (%),,,"Wicomico County, Maryland",0.437096198,0.00437,,,,,
2020Q2,Percent of Workers in TANF (%),,,"Wicomico County, Maryland",0.585074783,0.00585,,,,,
2020Q3,Percent of Workers in TANF (%),,,"Wicomico County, Maryland",0.671591397,0.00672,,,,,
2020Q4,Percent of Workers in TANF (%),,,"Wicomico County, Maryland",0.556369504,0.00556,,,,,
2021Q1,Percent of Workers in TANF (%),,,"Wicomico County, Maryland",0.433576494,0.00434,,,,,
2021Q2,Percent of Workers in TANF (%),,,"Wicomico County, Maryland",0.996607959,0.00997,,,,,
2021Q3,Percent of Workers in TANF (%),,,"Wicomico County, Maryland",1.112720091,0.01113,,,,,
2021Q4,Percent of Workers in TANF (%),,,"Wicomico County, Maryland",1.144389289,0.01144,,,,,
2022Q1,Percent of Workers in TANF (%),,,"Wicomico County, Maryland",0.660554124,0.00661,,,,,
2022Q2,Percent of Workers in TANF (%),,,"Wicomico County, Maryland",0.827858552,0.00828,,,,,
2022Q3,Percent of Workers in TANF (%),,,"Wicomico County, Maryland",0.890881653,0.00891,,,,,
2022Q4,Percent of Workers in TANF (%),,,"Wicomico County, Maryland",0.770214586,0.00770,,,,,
2015Q3,Percent of Workers in TANF (%),,,"Worcester County, Maryland",0.066447079,0.00066,,,,,
2015Q4,Percent of Workers in TANF (%),,,"Worcester County, Maryland",0.015823361,0.00016,,,,,
2016Q1,Percent of Workers in TANF (%),,,"Worcester County, Maryland",0.048128986,0.00048,,,,,
2016Q2,Percent of Workers in TANF (%),,,"Worcester County, Maryland",0.065903504,0.00066,,,,,
2016Q3,Percent of Workers in TANF (%),,,"Worcester County, Maryland",0.057100787,0.00057,,,,,
2016Q4,Percent of Workers in TANF (%),,,"Worcester County, Maryland",0.054372437,0.00054,,,,,
2017Q1,Percent of Workers in TANF (%),,,"Worcester County, Maryland",0.059166136,0.00059,,,,,
2017Q2,Percent of Workers in TANF (%),,,"Worcester County, Maryland",0.076658575,0.00077,,,,,
2017Q3,Percent of Workers in TANF (%),,,"Worcester County, Maryland",0.037761056,0.00038,,,,,
2017Q4,Percent of Workers in TANF (%),,,"Worcester County, Maryland",0.053789509,0.00054,,,,,
2018Q1,Percent of Workers in TANF (%),,,"Worcester County, Maryland",0.085902501,0.00086,,,,,
2018Q2,Percent of Workers in TANF (%),,,"Worcester County, Maryland",0.068170766,0.00068,,,,,
2018Q3,Percent of Workers in TANF (%),,,"Worcester County, Maryland",0.052434948,0.00052,,,,,
2018Q4,Percent of Workers in TANF (%),,,"Worcester County, Maryland",0.05326258,0.00053,,,,,
2019Q1,Percent of Workers in TANF (%),,,"Worcester County, Maryland",0.04640793,0.00046,,,,,
2019Q2,Percent of Workers in TANF (%),,,"Worcester County, Maryland",0.060000735,0.00060,,,,,
2019Q3,Percent of Workers in TANF (%),,,"Worcester County, Maryland",0.063130961,0.00063,,,,,
2019Q4,Percent of Workers in TANF (%),,,"Worcester County, Maryland",0.042192474,0.00042,,,,,
2020Q1,Percent of Workers in TANF (%),,,"Worcester County, Maryland",0.085858182,0.00086,,,,,
2020Q2,Percent of Workers in TANF (%),,,"Worcester County, Maryland",0.143200122,0.00143,,,,,
2020Q3,Percent of Workers in TANF (%),,,"Worcester County, Maryland",0.143327432,0.00143,,,,,
2020Q4,Percent of Workers in TANF (%),,,"Worcester County, Maryland",0.185456501,0.00185,,,,,
2021Q1,Percent of Workers in TANF (%),,,"Worcester County, Maryland",0.173430598,0.00173,,,,,
2021Q2,Percent of Workers in TANF (%),,,"Worcester County, Maryland",0.468524857,0.00469,,,,,
2021Q3,Percent of Workers in TANF (%),,,"Worcester County, Maryland",0.390224754,0.00390,,,,,
2021Q4,Percent of Workers in TANF (%),,,"Worcester County, Maryland",0.435190293,0.00435,,,,,
2022Q1,Percent of Workers in TANF (%),,,"Worcester County, Maryland",0.209443991,0.00209,,,,,
2022Q2,Percent of Workers in TANF (%),,,"Worcester County, Maryland",0.164747971,0.00165,,,,,
2022Q3,Percent of Workers in TANF (%),,,"Worcester County, Maryland",0.150408591,0.00150,,,,,
2022Q4,Percent of Workers in TANF (%),,,"Worcester County, Maryland",0.158096678,0.00158,,,,,
